<?xml version="1.0" encoding="UTF-8"?>
<beans xmlns="http://www.springframework.org/schema/beans"
    xmlns:xsi="http://www.w3.org/2001/XMLSchema-instance"
    xmlns:context="http://www.springframework.org/schema/context"
    xmlns:aop="http://www.springframework.org/schema/aop"
    xsi:schemaLocation="http://www.springframework.org/schema/beans
    http://www.springframework.org/schema/beans/spring-beans-4.3.xsd
    http://www.springframework.org/schema/context  
    http://www.springframework.org/schema/context/spring-context-4.3.xsd
    http://www.springframework.org/schema/aop 
    http://www.springframework.org/schema/aop/spring-aop-4.3.xsd">
    
    
    <context:component-scan base-package="com.manipal.Controller"/>
    <bean id="" class="org.springframework.web.servlet.view.UrlBasedViewResolver">
    
    <property name="viewClass" value="org.springframework.web.servlet.view.JstlView"></property>    
    <property name="prefix" value="/WEB-INF/jspFiles/"></property>
    <property name="suffix" value=".jsp"></property>
    
    
    </bean>
    
    
    
    </beans>