<?xml version="1.0" encoding="UTF-8"?>
<beans xmlns = "http://www.springframework.org/schema/beans"
   xmlns:xsi = "http://www.w3.org/2001/XMLSchema-instance"
   xsi:schemaLocation = "http://www.springframework.org/schema/beans
   http://www.springframework.org/schema/beans/spring-beans-4.2.xsd">
   
   
   <bean id="welcome" class="com.manipal.spring_core_demos.Welcome">
   
   
   <property name="message" value="welcome to message and my name sourabh"/>
   </bean> 
   
   <bean id="welcome1" class="com.manipal.spring_core_demos.Welcome">
    <constructor-arg name="message" value="bhaag constructur"></constructor-arg>
  
   </bean>  
   <bean id="laxman_rekha" class="com.manipal.spring_core_demos.Line">
   <property name="p1" ref="bindu1"></property>
   <property name="p2" ref="bindu2"></property>
   </bean>
   
   <bean id="tribhuj" class="com.manipal.spring_core_demos.Triangle">
   <property name="p1" ref="bindu3"></property>
    <property name="p2" ref="bindu4"></property>
     <property name="p3" ref="bindu5"></property>
   
   </bean>
   
   <bean id="bindu1" class="com.manipal.spring_core_demos.Point">
   <property name="xCor" value="6"></property>
   <property name="yCor" value="10"></property>
   </bean>
     <bean id="bindu2" class="com.manipal.spring_core_demos.Point">
   <property name="xCor" value="9"></property>
   <property name="yCor" value="11"></property>
   </bean>
     <bean id="bindu3" class="com.manipal.spring_core_demos.Point">
   <property name="xCor" value="15"></property>
   <property name="yCor" value="23"></property>
   </bean>
     <bean id="bindu4" class="com.manipal.spring_core_demos.Point">
   <property name="xCor" value="7"></property>
   <property name="yCor" value="13"></property>
   </bean>
     <bean id="bindu5" class="com.manipal.spring_core_demos.Point">
   <property name="xCor" value="0"></property>
   <property name="yCor" value="10"></property>
   </bean>
   
   </beans>